Player,Pos,To,AP1,PB,St,wAV,G,Cmp,Att,Yds,TD,Int,Att,Yds,TD,Rec,Yds,TD,Solo,Int,Sk,-9999
Victor Abiamiri,DE,2009,0,0,0,5,29,0,0,0,0,0,0,0,0,0,0,0,22,,4.0,AbiaVi99
Gaines Adams,DE,2009,0,0,1,17,47,0,0,0,0,0,0,0,0,0,0,0,67,2,13.5,AdamGa99
Michael Adams,DB,2013,0,0,0,7,80,0,0,0,0,0,0,0,0,0,0,0,154,3,1.0,AdamMi98
Ikaika Alama-Francis,DE,2011,0,0,0,2,35,0,0,0,0,0,0,0,0,0,0,0,30,,1.0,AlamIk99
Gerald Alexander,DB,2011,0,0,2,11,44,0,0,0,0,0,0,0,0,0,0,0,121,4,2.0,AlexGe99
Lorenzo Alexander,LB,2019,0,2,4,40,191,0,0,0,0,0,0,0,0,0,0,0,338,3,33.0,AlexLo99
Jay Alford,DT,2010,0,0,0,4,36,0,0,0,0,0,0,0,0,0,0,0,13,,3.5,AlfoJa99
Charles Ali,RB,2008,0,0,0,0,28,0,0,0,0,0,0,0,0,4,13,0,,,,AlixCh00
Aundrae Allison,WR,2008,0,0,0,3,26,0,0,0,0,0,3,4,0,18,231,0,,,,AlliAu00
Colin Allred,LB,2010,0,0,0,2,32,0,0,0,0,0,0,0,0,0,0,0,31,,,AllrCo99
Deon Anderson,FB,2010,0,0,1,1,39,0,0,0,0,0,2,3,0,9,67,1,14,,,AndeDe01
Jamaal Anderson,DE,2012,0,0,3,20,77,0,0,0,0,0,0,0,0,0,0,0,96,,7.5,AndeJa98
Brandon Archer,LB,2007,0,0,0,1,6,0,0,0,0,0,0,0,0,0,0,0,12,,,ArchBr99
Devin Aromashodu,WR,2012,0,0,0,10,61,0,0,0,0,0,0,0,0,78,1193,5,3,,,AromDe00
Baraka Atkins,DE,2008,0,0,0,2,21,0,0,0,0,0,0,0,0,0,0,0,21,,2.0,AtkiBa99
Remi Ayodele,LB,2011,0,0,3,16,60,0,0,0,0,0,0,0,0,0,0,0,49,,4.0,AyodRe99
Johnny Baldwin,LB,2007,0,0,0,0,3,0,0,0,0,0,0,0,0,0,0,0,2,,,BaldJo99
Alan Ball,DB,2015,0,0,2,19,108,0,0,0,0,0,0,0,0,0,0,0,194,6,0.5,BallAl99
Allen Barbre,T,2017,0,0,2,23,92,0,0,0,0,0,0,0,0,0,0,0,,,,BarbAl20
Chris Barclay,RB,2007,0,0,0,0,5,0,0,0,0,0,1,3,0,2,13,0,,,,BarcCh00
Rashad Barksdale,DB,2007,0,0,0,0,6,0,0,0,0,0,0,0,0,0,0,0,8,,,BarkRa99
Antwan Barnes,LB,2014,0,0,0,7,88,0,0,0,0,0,0,0,0,0,0,0,105,1,25.5,BarnAn99
Mike Barr,P,2007,0,0,0,1,11,0,0,0,0,0,0,0,0,0,0,0,3,,,BarrMi21
Eric Bassey,DB,2008,0,0,0,2,18,0,0,0,0,0,0,0,0,0,0,0,16,,,BassEr99
D'Anthony Batiste,T,2012,0,0,1,6,37,0,0,0,0,0,0,0,0,0,0,0,,,,BatiDA20
Jackie Battle,RB,2014,0,0,0,7,96,0,0,0,0,0,326,1177,9,38,248,1,32,,,BattJa00
Jon Beason,LB,2015,1,3,5,55,93,0,0,0,0,0,0,0,0,0,0,0,526,10,4.0,BeasJo99
John Beck,QB,2011,0,0,0,4,9,140,239,1417,3,7,19,55,3,0,0,0,,,,BeckJo00
Josh Beekman,C-G,2009,0,0,1,10,28,0,0,0,0,0,0,0,0,0,0,0,,,,BeekJo20
Jacob Bender,T,2007,0,0,0,0,2,0,0,0,0,0,0,0,0,0,0,0,,,,BendJa20
Fred Bennett,DB,2010,0,0,1,7,49,0,0,0,0,0,0,0,0,0,0,0,106,5,,BennFr99
Brock Berlin,QB,2008,0,0,0,0,2,18,31,159,0,1,3,-16,0,0,0,0,,,,BerlBr00
Troy Bienemann,TE,2007,0,0,0,0,16,0,0,0,0,0,0,0,0,7,46,1,5,,,BienTr00
Desmond Bishop,LB,2014,0,0,2,18,75,0,0,0,0,0,0,0,0,0,0,0,228,1,9.0,BishDe99
Quincy Black,LB,2012,0,0,3,18,81,0,0,0,0,0,0,0,0,0,0,0,226,3,3.5,BlacQu99
H.B. Blades,LB,2010,0,0,0,9,64,0,0,0,0,0,0,0,0,0,0,0,99,,,BladH.99
Justin Blalock,G,2014,0,0,8,55,125,0,0,0,0,0,0,0,0,0,0,0,,,,BlalJu20
Conrad Bolston,DT,2007,0,0,0,0,2,0,0,0,0,0,0,0,0,0,0,0,1,,,BolsCo99
Lorenzo Booker,RB,2011,0,0,0,4,36,0,0,0,0,0,61,230,0,47,362,0,2,,,BookLo00
Kevin Boss,TE,2012,0,0,4,17,74,0,0,0,0,0,1,16,0,150,2033,22,1,,,BossKe00
Dwayne Bowe,WR,2015,0,1,8,50,125,0,0,0,0,0,2,16,0,537,7208,44,,,,BoweDw00
John Bowie,DB,2009,0,0,0,0,5,0,0,0,0,0,0,0,0,0,0,0,2,,,BowiJo99
McKinley Boykin,DT,2007,0,0,0,0,3,0,0,0,0,0,0,0,0,0,0,0,7,,,BoykMc99
Tyron Brackenridge,DB,2010,0,0,0,5,46,0,0,0,0,0,0,0,0,0,0,0,71,,,BracTy99
Stewart Bradley,LB,2012,0,0,2,19,76,0,0,0,0,0,0,0,0,0,0,0,187,3,3.0,BradSt99
Ahmad Bradshaw,RB,2015,0,0,3,42,103,0,0,0,0,0,1083,4928,36,187,1493,12,18,,,BradAh00
Alan Branch,DT,2017,0,0,6,42,146,0,0,0,0,0,0,0,0,0,0,0,185,,10.5,BranAl99
Steve Breaston,WR,2012,0,0,3,26,86,1,2,17,0,0,10,120,0,255,3387,9,2,,,BreaSt00
Mike Brisiel,G,2013,0,0,5,34,80,0,0,0,0,0,0,0,0,0,0,0,,,,BrisMi20
John Broussard,WR,2007,0,0,0,2,8,0,0,0,0,0,0,0,0,4,126,1,,,,BrouJo00
Courtney Brown,DB,2008,0,0,0,2,17,0,0,0,0,0,0,0,0,0,0,0,10,,,BrowCo97
Kareem Brown,DT,2007,0,0,0,0,1,0,0,0,0,0,0,0,0,0,0,0,,,,BrowKa99
Levi Brown,T,2013,0,0,5,34,82,0,0,0,0,0,0,0,0,1,4,0,,,,BrowLe20
Tarell Brown,DB,2015,0,0,4,24,117,0,0,0,0,0,0,0,0,0,0,0,272,11,,BrowTa99
Copeland Bryan,DE,2009,0,0,0,3,22,0,0,0,0,0,0,0,0,0,0,0,15,,2.0,BryaCo99
Courtney Bryan,DB,2008,0,0,0,1,19,0,0,0,0,0,0,0,0,0,0,0,10,,,BryaCo98
Melvin Bullitt,DB,2011,0,0,2,11,50,0,0,0,0,0,0,0,0,0,0,0,162,7,,BullMe99
Prescott Burgess,LB,2011,0,0,0,2,40,0,0,0,0,0,0,0,0,0,0,0,32,,,BurgPr99
Jermon Bushrod,T,2018,0,2,8,62,145,0,0,0,0,0,0,0,0,0,0,0,2,,,BushJe20
Rashad Butler,T,2013,0,0,0,7,51,0,0,0,0,0,0,0,0,0,0,0,,,,ButlRa20
Adam Carriker,DE,2012,0,0,3,22,65,0,0,0,0,0,0,0,0,0,0,0,86,,9.0,CarrAd99
Brent Celek,TE,2017,0,0,9,35,175,0,0,0,0,0,0,0,0,398,4998,31,7,,,CeleBr00
Scott Chandler,TE,2015,0,0,2,18,90,0,0,0,0,0,0,0,0,205,2379,21,7,,,ChanSc00
Jeff Charleston,DE,2011,0,0,0,6,65,0,0,0,0,0,0,0,0,0,0,0,60,,8.0,CharJe99
Jeromey Clary,T,2013,0,0,6,47,103,0,0,0,0,0,0,0,0,1,-8,0,,,,ClarJe20
Daniel Coats,TE,2010,0,0,1,2,57,0,0,0,0,0,0,0,0,30,291,0,10,,,CoatDa00
Michael Coe,DB,2012,0,0,0,2,38,0,0,0,0,0,0,0,0,0,0,0,36,,,CoexMi99
Brannon Condren,DB,2008,0,0,0,1,12,0,0,0,0,0,0,0,0,0,0,0,6,,,CondBr99
Blake Costanzo,LB,2013,0,0,0,7,91,0,0,0,0,0,0,0,0,0,0,0,62,,,CostBl20
Mason Crosby,K,2021,0,0,0,32,241,0,0,0,0,0,0,0,0,0,0,0,24,,,CrosMa20
Tim Crowder,DE,2011,0,0,1,11,60,0,0,0,0,0,0,0,0,0,0,0,83,,10.5,CrowTi99
Quinton Culberson,LB,2009,0,0,1,5,36,0,0,0,0,0,0,0,0,0,0,0,78,,,CulbQu99
Craig Dahl,DB,2015,0,0,2,22,117,0,0,0,0,0,1,3,0,0,0,0,348,5,4.0,DahlCr99
P.J. Daniels,RB,2007,0,0,0,0,1,0,0,0,0,0,0,0,0,0,0,0,,,,DaniP.00
Kenneth Darby,RB,2010,0,0,0,4,41,0,0,0,0,0,95,408,2,49,356,1,18,,,DarbKe00
Buster Davis,LB,2008,0,0,0,2,7,0,0,0,0,0,0,0,0,0,0,0,18,,,DaviBu99
Carey Davis,RB,2009,0,0,1,1,37,0,0,0,0,0,31,118,0,17,76,0,18,,,DaviCa00
Chris Davis,WR,2008,0,0,0,0,17,0,0,0,0,0,2,19,0,7,69,0,2,,,DaviCh02
Chris Davis,WR,2007,0,0,0,0,2,0,0,0,0,0,1,3,0,1,3,0,,,,DaviCh03
Craig Davis,WR,2010,0,0,0,7,25,0,0,0,0,0,4,13,0,51,558,2,,,,DaviCr00
Clifton Dawson,RB,2008,0,0,0,1,15,0,0,0,0,0,30,64,1,2,15,0,4,,,DawsCl00
Keyunta Dawson,DE,2013,0,0,1,14,71,0,0,0,0,0,0,0,0,0,0,0,76,,1.5,DawsKe99
John Dekker,TE,2007,0,0,0,0,3,0,0,0,0,0,0,0,0,0,0,0,,,,DekkJo00
Zak DeOssie,LB,2019,0,2,0,21,199,0,0,0,0,0,0,0,0,0,0,0,71,,,DeOsZa99
Mike DeVito,DE,2015,0,0,5,46,110,0,0,0,0,0,0,0,0,0,0,0,157,,5.5,DeViMi99
Zach Diles,LB,2014,0,0,3,15,74,0,0,0,0,0,0,0,0,0,0,0,179,1,1.0,DileZa99
Robert Douglas,RB,2007,0,0,0,0,1,0,0,0,0,0,0,0,0,0,0,0,,,,DougRo00
Justin Durant,LB,2017,0,0,6,36,128,0,0,0,0,0,0,0,0,0,0,0,502,3,4.5,DuraJu99
Dusty Dvoracek,DT,2008,0,0,1,6,13,0,0,0,0,0,0,0,0,0,0,0,24,,,DvorDu99
Biren Ealy,WR,2009,0,0,0,0,5,0,0,0,0,0,0,0,0,1,6,0,2,,,EalyBi00
Kyle Eckel,RB,2009,0,0,0,1,24,0,0,0,0,0,59,175,2,3,20,0,11,,,EckeKy00
Trent Edwards,QB,2012,0,0,2,16,38,563,929,6033,26,30,78,330,3,0,0,0,,,,EdwaTr01
Greg Estandia,TE,2009,0,0,0,3,32,0,0,0,0,0,0,0,0,23,294,0,6,,,EstaGr01
Hiram Eugene,DB,2010,0,0,1,10,60,0,0,0,0,0,0,0,0,0,0,0,127,1,,EugeHi99
Brandon Fields,P,2015,0,1,0,21,130,0,1,0,0,0,3,0,0,0,0,0,13,,,FielBr20
Steve Fifita,DT,2007,0,0,0,1,13,0,0,0,0,0,0,0,0,0,0,0,7,,,FifiSt99
Yamon Figurs,WR,2010,0,0,0,2,34,0,0,0,0,0,3,-7,0,5,103,1,4,,,FiguYa00
Nick Folk,K,2021,0,1,0,28,194,0,0,0,0,0,0,0,0,0,0,0,4,,,FolkNi20
Renardo Foster,T,2010,0,0,0,2,17,0,0,0,0,0,0,0,0,0,0,0,,,,FostRe20
Eric Frampton,DB,2013,0,0,0,5,91,0,0,0,0,0,0,0,0,0,0,0,84,,,FramEr99
Doug Free,T,2016,0,0,7,49,124,0,0,0,0,0,0,0,0,0,0,0,,,,FreeDo20
Dustin Fry,C,2007,0,0,0,0,4,0,0,0,0,0,0,0,0,0,0,0,,,,FryxDu20
Christian Gaddis,T-G,2009,0,0,0,0,2,0,0,0,0,0,0,0,0,0,0,0,,,,GaddCh20
Jared Gaither,T,2012,0,0,2,19,52,0,0,0,0,0,0,0,0,0,0,0,,,,GaitJa20
Michael Gasperson,WR,2007,0,0,0,0,1,0,0,0,0,0,0,0,0,0,0,0,,,,GaspMi00
Willie Gaston,DB,2007,0,0,0,1,4,0,0,0,0,0,0,0,0,0,0,0,8,,,GastWi99
Lionel Gates,RB,2007,0,0,0,0,1,0,0,0,0,0,0,0,0,0,0,0,,,,GateLi00
Josh Gattis,DB,2007,0,0,0,0,4,0,0,0,0,0,0,0,0,0,0,0,1,,,GattJo99
William Gay,DB,2017,0,0,7,41,176,0,0,0,0,0,0,0,0,0,0,0,473,13,7.0,GayxWi99
Chas Gessner,WR,2007,0,0,0,0,1,0,0,0,0,0,0,0,0,0,0,0,,,,GessCh00
Ronnie Ghent,TE,2007,0,0,0,0,8,0,0,0,0,0,0,0,0,0,0,0,,,,GhenRo00
Gary Gibson,DT-DE,2013,0,0,2,14,78,0,0,0,0,0,0,0,0,0,0,0,58,,3.0,GibsGa99
Ted Ginn Jr.,WR,2020,0,0,7,52,193,1,1,10,0,0,68,486,2,412,5742,33,6,,,GinnTe00
Chris Gocong,DE,2011,0,0,5,29,79,0,0,0,0,0,0,0,0,0,0,0,228,,9.5,GocoCh99
Dashon Goldson,DB,2016,1,2,7,41,127,0,0,0,0,0,2,53,0,0,0,0,466,16,3.0,GoldDa99
Anthony Gonzalez,WR,2011,0,0,1,16,40,0,0,0,0,0,0,0,0,99,1307,7,,,,GonzAn00
Corey Graham,DB,2018,0,1,5,33,184,0,0,0,0,0,0,0,0,0,0,0,555,18,3.0,GrahCo99
Nick Graham,DB,2008,0,0,0,1,19,0,0,0,0,0,0,0,0,0,0,0,12,,,GrahNi99
Ryan Grant,RB,2012,0,0,4,36,68,0,0,0,0,0,956,4148,27,93,760,2,2,,,GranRy00
Chad Greenway,LB,2016,0,2,10,66,156,0,0,0,0,0,0,0,0,0,0,0,762,11,18.0,GreeCh99
Michael Griffin,DB,2016,0,2,9,55,154,0,0,0,0,0,0,0,0,0,0,0,605,25,7.0,GrifMi99
Otis Grigsby,DE,2008,0,0,0,1,16,0,0,0,0,0,0,0,0,0,0,0,2,,1.0,GrigOt99
Brent Grimes,DB,2018,0,4,8,55,148,0,0,0,0,0,0,0,0,0,0,0,500,33,,GrimBr20
Ben Grubbs,G,2015,0,2,9,56,129,0,0,0,0,0,0,0,0,0,0,0,,,,GrubBe20
Matt Gutierrez,QB,2009,0,0,0,0,6,2,2,18,0,0,5,-13,0,0,0,0,,,,GutiMa00
Ramon Guzman,LB,2007,0,0,0,2,16,0,0,0,0,0,0,0,0,0,0,0,12,,,GuzmRa99
Marques Hagans,WR,2008,0,0,0,1,6,1,1,5,0,0,3,-2,0,9,108,0,,,,HagaMa00
Andre Hall,RB,2008,0,0,0,3,18,0,0,0,0,0,79,360,2,5,94,0,11,,,HallAn01
Korey Hall,FB-LB,2011,0,0,2,0,61,0,0,0,0,0,0,0,0,21,137,1,35,,,HallKo99
Leon Hall,DB,2018,0,0,6,51,152,0,0,0,0,0,0,0,0,0,0,0,425,27,2.0,HallLe98
Roy Hall,WR,2008,0,0,0,0,7,0,0,0,0,0,0,0,0,1,9,0,4,,,HallRo02
Aaron Halterman,TE,2007,0,0,0,0,9,0,0,0,0,0,0,0,0,1,7,0,3,,,HaltAa00
Justin Harrell,DT,2010,0,0,0,2,14,0,0,0,0,0,0,0,0,0,0,0,17,,,HarrJu99
Antoine Harris,DB,2009,0,0,0,3,35,0,0,0,0,0,0,0,0,0,0,0,18,,,HarrAn98
David Harris,LB,2017,0,0,11,75,164,0,0,0,0,0,0,0,0,0,0,0,725,6,36.5,HarrDa99
Gilbert Harris,RB,2007,0,0,0,0,4,0,0,0,0,0,9,9,0,3,38,0,,,,HarrGi00
Leroy Harris,C,2013,0,0,3,19,76,0,0,0,0,0,0,0,0,0,0,0,,,,HarrLe21
Nate Harris,LB,2007,0,0,0,1,15,0,0,0,0,0,0,0,0,0,0,0,11,,,HarrNa98
Ryan Harris,T,2016,0,0,5,33,114,0,0,0,0,0,0,0,0,0,0,0,1,,,HarrRy20
Steven Harris,DT,2007,0,0,0,0,4,0,0,0,0,0,0,0,0,0,0,0,2,,,HarrSt99
Tuff Harris,DB,2008,0,0,0,0,7,0,0,0,0,0,0,0,0,0,0,0,5,,,HarrTu20
Kevin Harrison,LB,2007,0,0,0,0,1,0,0,0,0,0,0,0,0,0,0,0,,,,HarrKe99
Mike Hass,WR,2009,0,0,0,0,2,0,0,0,0,0,0,0,0,0,0,0,,,,HassMi00
Alex Haynes,RB,2007,0,0,0,0,10,0,0,0,0,0,3,3,0,3,14,0,3,,,HaynAl00
Adam Hayward,LB,2014,0,0,1,11,118,0,0,0,0,0,0,0,0,0,0,0,139,,1.0,HaywAd98
Mario Henderson,DT,2010,0,0,1,11,44,0,0,0,0,0,0,0,0,0,0,0,1,,,HendMa21
Chris Henry,RB,2010,0,0,0,1,11,0,0,0,0,0,32,122,2,6,53,0,2,,,HenrCh01
Will Herring,LB,2014,0,0,0,10,109,0,0,0,0,0,0,0,0,0,0,0,122,3,1.0,HerrWi99
David Herron,LB,2010,0,0,0,3,28,0,0,0,0,0,0,0,0,0,0,0,18,,,HerrDa99
Stephon Heyer,T,2011,0,0,1,16,61,0,0,0,0,0,0,0,0,0,0,0,,,,HeyeSt20
LaMarcus Hicks,DB,2008,0,0,0,0,12,0,0,0,0,0,0,0,0,0,0,0,8,,,HickLa99
Johnnie Lee Higgins,WR,2010,0,0,0,9,60,0,0,0,0,0,7,58,0,57,779,4,3,,,HiggJo00
Jason Hill,WR,2012,0,0,1,9,54,0,0,0,0,0,2,5,0,78,1043,9,13,,,HillJa00
Corey Hilliard,T,2014,0,0,0,9,47,0,0,0,0,0,0,0,0,0,0,0,,,,HillCo21
Domenik Hixon,WR,2013,0,0,0,17,76,0,0,0,0,0,3,18,0,109,1460,7,27,,,HixoDo00
Kevin Hobbs,DB,2009,0,0,0,2,34,0,0,0,0,0,0,0,0,0,0,0,34,,,HobbKe99
Chris Houston,DB,2013,0,0,7,32,99,0,0,0,0,0,0,0,0,0,0,0,324,13,,HousCh99
Dante Hughes,DB,2011,0,0,0,4,53,0,0,0,0,0,0,0,0,0,0,0,87,1,,HughDa99
Tony Hunt,RB,2008,0,0,0,0,14,0,0,0,0,0,14,25,2,6,42,0,1,,,HuntTo01
David Irons,DB,2008,0,0,0,1,20,0,0,0,0,0,0,0,0,0,0,0,16,,,IronDa99
Brandon Jackson,RB,2012,0,0,1,16,54,0,0,0,0,0,355,1383,7,112,864,2,4,,,JackBr00
Fred Jackson,RB,2015,0,0,4,48,122,1,2,27,1,0,1305,5746,30,354,2897,9,2,,,JackFr02
Tanard Jackson,DB,2011,0,0,4,24,56,0,0,0,0,0,0,0,0,0,0,0,212,10,1.0,JackTa99
Dwayne Jarrett,WR,2010,0,0,0,4,32,0,0,0,0,0,1,11,0,35,428,1,,,,JarrDw00
Max Jean-Gilles,G,2010,0,0,2,14,42,0,0,0,0,0,0,0,0,0,0,0,,,,JeanMa20
Justin Jenkins,WR,2009,0,0,0,0,36,0,0,0,0,0,1,-3,0,0,0,0,15,,,JenkJu00
Calvin Johnson,WR,2015,3,6,9,78,135,0,0,0,0,0,19,167,1,731,11619,83,,,,JohnCa00
Charles Johnson,DE,2017,0,0,8,47,143,0,0,0,0,0,0,0,0,0,0,0,228,,67.5,JohnCh98
Edward Johnson,DT,2010,0,0,1,13,33,0,0,0,0,0,0,0,0,0,0,0,57,1,1.0,JohnEd99
Michael Johnson,DB,2010,0,0,2,14,49,0,0,0,0,0,0,0,0,0,0,0,117,3,2.0,JohnMi99
David Jones,DB,2012,0,0,0,6,59,0,0,0,0,0,0,0,0,0,0,0,87,1,,JoneDa99
Derrick Jones,DT-DE,2007,0,0,0,0,1,0,0,0,0,0,0,0,0,0,0,0,,,,JoneDe20
Edgar Jones,DE,2013,0,0,0,6,64,0,0,0,0,0,0,0,0,2,33,0,33,,1.5,JoneEd22
Jacoby Jones,WR,2015,1,1,2,30,128,0,0,0,0,0,19,62,0,203,2733,14,1,,,JoneJa03
James Jones,WR,2015,0,0,4,46,136,0,0,0,0,0,0,0,0,433,5861,51,1,,,JoneJa04
Akeem Jordan,LB,2014,0,0,4,22,100,0,0,0,0,0,0,0,0,0,0,0,274,2,1.0,JordAk99
Winston Justice,T,2013,0,0,3,21,63,0,0,0,0,0,0,0,0,0,0,0,,,,JustWi20
Ryan Kalil,C,2019,2,5,9,72,155,0,0,0,0,0,0,0,0,0,0,0,,,,KaliRy20
Jeremy Kapinos,P,2011,0,0,0,3,34,0,0,0,0,0,0,0,0,0,0,0,1,,,KapiJe20
Kenton Keith,RB,2007,0,0,0,6,16,0,0,0,0,0,121,533,3,13,77,1,,,,KeitKe00
David Kirtman,RB,2008,0,0,0,0,7,0,0,0,0,0,0,0,0,0,0,0,,,,KirtDa00
Adam Koets,T,2010,0,0,0,3,11,0,0,0,0,0,0,0,0,0,0,0,,,,KoetAd20
Kevin Kolb,QB,2012,0,0,1,12,34,449,755,5206,28,25,69,229,2,0,0,0,,,,KolbKe00
Joe Kowalewski,TE,2007,0,0,0,0,13,0,0,0,0,0,0,0,0,5,18,1,,,,KowaJo00
Derek Landri,DT,2013,0,0,1,15,88,0,0,0,0,0,0,0,0,0,0,0,96,,9.0,LandDe99
LaRon Landry,DB,2014,0,1,7,39,103,0,0,0,0,0,0,0,0,0,0,0,467,6,8.0,LandLa99
Brian Leonard,RB,2014,0,0,0,11,88,0,0,0,0,0,221,828,0,143,1008,1,24,,,LeonBr00
Louis Leonard,DT,2010,0,0,0,4,25,0,0,0,0,0,0,0,0,0,0,0,26,,1.0,LeonLo99
Trey Lewis,DT,2010,0,0,0,4,18,0,0,0,0,0,0,0,0,0,0,0,25,1,,LewiTr99
Rhys Lloyd,K,2010,0,0,0,0,50,0,0,0,0,0,0,0,0,0,0,0,2,,,LloyRh44
Marshawn Lynch,RB,2019,1,5,8,74,149,1,3,8,1,0,2453,10413,85,287,2214,9,1,,,LyncMa00
Grant Mason,DB,2007,0,0,0,0,5,0,0,0,0,0,0,0,0,0,0,0,3,,,MasoGr99
Michael Matthews,TE,2009,0,0,0,0,39,0,0,0,0,0,0,0,0,8,54,0,1,,,MattMi00
Reagan Maui'a,RB,2012,0,0,1,0,39,0,0,0,0,0,4,5,0,6,44,0,4,,,MauiRe00
Ryan McBean,DT,2011,0,0,1,11,47,0,0,0,0,0,0,0,0,0,0,0,49,,4.0,McBeRy99
Trumaine McBride,DB,2015,0,0,2,14,84,0,0,0,0,0,0,0,0,0,0,0,132,7,1.0,McBrTr99
Turk McBride,DT,2012,0,0,1,13,66,0,0,0,0,0,0,0,0,0,0,0,78,,9.5,McBrTu99
Marcus McCauley,DB,2009,0,0,0,4,27,0,0,0,0,0,0,0,0,0,0,0,58,,,McCaMa99
Le'Ron McClain,RB,2013,1,2,6,13,111,0,0,0,0,0,354,1310,13,94,557,3,5,,,McClLe00
Brandon McDonald,DB,2012,0,0,2,15,80,0,0,0,0,0,0,0,0,0,0,0,177,9,1.0,McDoBr99
Ray McDonald,DE,2014,0,0,5,35,115,0,0,0,0,0,0,0,0,0,0,0,156,1,19.5,McDoRa99
Chris McFoy,WR,2007,0,0,0,0,3,0,0,0,0,0,0,0,0,1,19,0,,,,McFoCh00
Tim McGarigle,LB,2007,0,0,0,1,12,0,0,0,0,0,0,0,0,0,0,0,6,,,McGaTi99
Brandon Mebane,DT,2019,0,0,13,63,182,0,0,0,0,0,0,0,0,0,0,0,299,1,18.5,MebaBr99
Justin Medlock,K,2012,0,0,0,1,11,0,0,0,0,0,0,0,0,0,0,0,,,,MedlJu20
Brandon Meriweather,DB,2015,0,2,6,33,112,0,0,0,0,0,0,0,0,0,0,0,337,17,6.0,MeriBr99
Brandon Middleton,WR,2008,0,0,0,1,13,0,0,0,0,0,0,0,0,9,93,1,2,,,MiddBr00
Edmond Miles,LB,2008,0,0,0,1,18,0,0,0,0,0,0,0,0,0,0,0,13,,,MileEd99
Zach Miller,TE,2014,0,1,7,28,110,0,0,0,0,0,0,0,0,328,3804,20,,,,MillZa01
Garrett Mills,FB,2010,0,0,0,1,16,0,0,0,0,0,0,0,0,9,110,0,4,,,MillGa01
Martrez Milner,TE,2007,0,0,0,0,8,0,0,0,0,0,0,0,0,9,50,0,,,,MilnMa00
Jeremy Mincey,DE,2015,0,0,4,29,96,0,0,0,0,0,0,0,0,0,0,0,152,1,26.0,MincJe99
Marvin Mitchell,LB,2013,0,0,1,12,98,0,0,0,0,0,0,0,0,0,0,0,125,1,1.0,MitcMa99
Anthony Mix,WR,2007,0,0,0,0,9,0,0,0,0,0,0,0,0,3,39,0,8,,,MixxAn00
Matt Moore,QB,2019,0,0,1,19,55,645,1074,7597,49,36,71,92,2,0,0,0,,,,MoorMa01
Quentin Moses,DE,2010,0,0,0,5,44,0,0,0,0,0,0,0,0,0,0,0,28,,3.5,MoseQu99
Jarvis Moss,DE,2011,0,0,0,3,53,0,0,0,0,0,0,0,0,0,0,0,34,,6.0,MossJa99
Daniel Muir,DT,2013,0,0,2,13,56,0,0,0,0,0,0,0,0,0,0,0,100,,1.5,MuirDa20
Marques Murrell,LB,2010,0,0,0,2,27,0,0,0,0,0,0,0,0,0,0,0,15,,,MurrMa99
Legedu Naanee,WR,2012,0,0,2,13,73,2,2,48,0,0,6,5,0,108,1232,4,14,,,NaanLe00
Nedu Ndukwe,DB,2011,0,0,2,15,55,0,0,0,0,0,0,0,0,0,0,0,184,7,7.5,NdukCh99
Ryan Neill,DE,2010,0,0,0,4,43,0,0,0,0,0,0,0,0,0,0,0,11,,,NeilRy99
Reggie Nelson,DB,2018,0,2,11,63,181,0,0,0,0,0,0,0,0,0,0,0,618,38,6.5,NelsRe99
Stephen Nicholas,LB,2013,0,0,4,27,101,0,0,0,0,0,0,0,0,0,0,0,284,2,8.0,NichSt99
Chad Nkang,LB,2008,0,0,0,3,23,0,0,0,0,0,0,0,0,0,0,0,20,,,NkanCh99
Jake Nordin,TE,2009,0,0,0,0,5,0,0,0,0,0,0,0,0,2,26,0,2,,,NordJa00
Uche Nwaneri,G,2013,0,0,6,37,104,0,0,0,0,0,0,0,0,0,0,0,,,,NwanUc20
Oren O'Neal,FB,2009,0,0,0,0,18,0,0,0,0,0,1,0,0,1,1,0,3,,,ONeaOr00
Anthony Oakley,G-T,2007,0,0,0,0,3,0,0,0,0,0,0,0,0,0,0,0,,,,OaklAn20
Ben Obomanu,WR,2013,0,0,0,10,69,0,0,0,0,0,4,41,0,88,1217,7,23,,,ObomBe00
Amobi Okoye,DT,2012,0,0,4,24,87,0,0,0,0,0,0,0,0,0,0,0,118,,16.0,OkoyAm99
Clint Oldenburg,T,2007,0,0,0,0,2,0,0,0,0,0,0,0,0,0,0,0,,,,OldeCl20
Greg Olsen,TE,2020,0,3,11,60,199,0,0,0,0,0,0,0,0,742,8683,60,,,,OlseGr00
Chase Page,DT,2007,0,0,0,0,6,0,0,0,0,0,0,0,0,0,0,0,4,,,PageCh99
Marcus Paschal,DB,2009,0,0,0,0,5,0,0,0,0,0,0,0,0,0,0,0,,,,PascMa99
Ben Patrick,TE,2010,0,0,2,4,42,0,0,0,0,0,0,0,0,45,446,4,1,,,PatrBe00
Sam Paulescu,P,2010,0,0,0,1,20,0,0,0,0,0,0,0,0,0,0,0,2,,,PaulSa20
Kevin Payne,DB,2009,0,0,1,10,32,0,0,0,0,0,0,0,0,0,0,0,114,4,1.0,PaynKe99
Donald Penn,T,2019,0,3,12,66,194,0,0,0,0,0,0,0,0,6,26,4,,,,PennDo20
Adrian Peterson,RB,2021,4,7,12,101,184,0,0,0,0,0,3230,14918,120,305,2474,6,,,,PeteAd01
Greg Peterson,DE,2009,0,0,0,2,14,0,0,0,0,0,0,0,0,0,0,0,14,,1.5,PeteGr99
Sabby Piscitelli,LB-DB,2011,0,0,1,15,66,0,0,0,0,0,0,0,0,0,0,0,160,5,,PiscSa99
Quinn Pitcock,DT,2007,0,0,0,1,9,0,0,0,0,0,0,0,0,0,0,0,13,,1.5,PitcQu99
Antonio Pittman,RB,2008,0,0,0,3,23,0,0,0,0,0,117,435,0,21,147,0,1,,,PittAn00
David Pittman,DB,2007,0,0,0,1,7,0,0,0,0,0,0,0,0,0,0,0,9,2,,PittDa99
Jason Pociask,TE,2007,0,0,0,0,4,0,0,0,0,0,0,0,0,1,7,0,,,,PociJa00
Adam Podlesh,P,2013,0,0,0,8,107,0,1,0,0,0,2,-2,0,0,0,0,9,,,PodlAd20
Geoffrey Pope,DB,2009,0,0,0,1,13,0,0,0,0,0,0,0,0,0,0,0,3,,,PopeGe20
Paul Posluszny,LB,2017,0,1,9,58,145,0,0,0,0,0,0,0,0,0,0,0,882,15,16.0,PoluPa99
Eric Powell,DE,2007,0,0,0,0,1,0,0,0,0,0,0,0,0,0,0,0,,,,PoweEr99
Matt Prater,K,2021,0,2,0,32,220,1,2,8,1,0,0,0,0,0,0,0,8,,,PratMa20
Cory Procter,G,2010,0,0,1,10,54,0,0,0,0,0,0,0,0,0,0,0,,,,ProcCo20
Brady Quinn,QB,2012,0,0,1,2,24,296,550,3043,12,17,44,185,1,1,18,0,,,,QuinBr00
Manuel Ramirez,G,2015,0,0,4,33,83,0,0,0,0,0,0,0,0,0,0,0,,,,RamiMa20
Kerry Reed,WR,2007,0,0,0,0,1,0,0,0,0,0,0,0,0,0,0,0,,,,ReedKe00
Chris Reis,DB,2010,0,0,0,4,46,0,0,0,0,0,0,0,0,0,0,0,41,1,1.0,ReisCh99
Darrelle Revis,DB,2017,4,7,9,93,145,0,0,0,0,0,0,0,0,0,-1,0,411,29,2.0,ReviDa99
Sidney Rice,WR,2013,0,1,3,33,81,4,7,174,0,0,4,9,0,243,3592,30,,,,RiceSi01
Jay Richardson,DE,2013,0,0,2,12,59,0,0,0,0,0,0,0,0,0,0,0,86,,7.0,RichJa99
Nick Roach,LB,2013,0,0,5,32,96,0,0,0,0,0,0,0,0,0,0,0,263,1,9.0,RoacNi99
Laurent Robinson,WR,2012,0,0,1,16,59,0,0,0,0,0,2,-14,0,167,2110,15,1,,,RobiLa01
Ramzee Robinson,DB,2009,0,0,0,1,26,0,0,0,0,0,0,0,0,0,0,0,29,,,RobiRa99
Ryne Robinson,WR,2007,0,0,0,0,16,0,0,0,0,0,0,0,0,4,35,0,1,,,RobiRy00
Brian Robison,DE,2017,0,0,6,46,173,0,0,0,0,0,0,0,0,0,0,0,207,,60.0,RobiBr98
Saverio Rocca,P,2013,0,0,0,10,112,0,0,0,0,0,0,0,0,0,0,0,10,,,RoccSa20
Justin Rogers,LB,2009,0,0,0,2,32,0,0,0,0,0,0,0,0,0,0,0,24,,,RogeJu99
Roderick Rogers,S,2008,0,0,0,0,5,0,0,0,0,0,0,0,0,0,0,0,7,,,RogeRo99
Dante Rosario,TE,2014,0,0,1,9,122,0,0,0,0,0,1,-2,0,116,1235,8,27,,,RosaDa00
Aaron Ross,DB,2013,0,0,4,20,83,0,0,0,0,0,0,0,0,0,0,0,201,11,2.5,RossAa99
Aaron Rouse,DB,2009,0,0,2,8,41,0,0,0,0,0,0,0,0,0,0,0,110,4,1.0,RousAa99
Jeff Rowe,QB,2007,0,0,0,0,2,0,0,0,0,0,0,0,0,0,0,0,,,,RoweJe00
Frostee Rucker,DE,2018,0,0,5,39,157,0,0,0,0,0,0,0,0,0,0,0,201,1,21.5,RuckFr99
Gary Russell,RB,2009,0,0,0,2,27,0,0,0,0,0,38,98,3,13,94,0,11,,,RussGa00
JaMarcus Russell,QB,2009,0,0,2,6,31,354,680,4083,18,23,40,175,1,0,0,0,,,,RussJa00
Clifton Ryan,DT,2010,0,0,2,13,49,0,0,0,0,0,0,0,0,0,0,0,100,,3.0,RyanCl99
Dan Santucci,G,2007,0,0,0,0,2,0,0,0,0,0,0,0,0,0,0,0,,,,SantDa20
Samson Satele,C,2014,0,0,8,48,118,0,0,0,0,0,1,0,0,1,-3,0,,,,SateSa20
Derek Schouman,TE-FB,2010,0,0,1,2,25,0,0,0,0,0,0,0,0,27,275,1,,,,SchoDe00
Arron Sears,G,2008,0,0,2,14,31,0,0,0,0,0,0,0,0,0,0,0,,,,SearAr20
Lyle Sendlein,C,2015,0,0,8,48,136,0,0,0,0,0,0,0,0,0,0,0,,,,SendLy20
Daniel Sepulveda,P,2011,0,0,0,7,52,2,2,65,0,0,0,0,0,0,0,0,6,,,SepuDa20
Clint Session,LB,2011,0,0,2,20,57,0,0,0,0,0,0,0,0,0,0,0,230,4,2.5,SessCl99
Tim Shaw,LB,2012,0,0,0,6,80,0,0,0,0,0,0,0,0,0,0,0,97,,,ShawTi99
Brandon Siler,LB,2012,0,0,1,12,74,0,0,0,0,0,0,0,0,0,0,0,140,2,3.0,SileBr99
Matt Sinclair,LB,2007,0,0,0,0,4,0,0,0,0,0,0,0,0,0,0,0,2,,,SincMa99
Bobby Sippio,WR,2007,0,0,0,0,9,0,0,0,0,0,0,0,0,0,0,0,2,,,SippBo00
Kelvin Smith,LB,2009,0,0,0,0,7,0,0,0,0,0,0,0,0,0,0,0,,,,SmitKe97
Kolby Smith,RB,2009,0,0,0,4,27,0,0,0,0,0,162,540,3,34,209,0,6,,,SmitKo00
Steve Smith,WR,2012,0,1,1,23,64,0,0,0,0,0,0,0,0,245,2641,12,,,,SmitSt02
Troy Smith,QB,2010,0,0,0,6,20,121,234,1734,8,5,52,230,3,1,36,0,,,,SmitTr02
Isaac Smolko,TE,2007,0,0,0,0,6,0,0,0,0,0,0,0,0,1,5,0,1,,,SmolIs00
Jason Snelling,RB,2013,0,0,0,21,96,0,0,0,0,0,363,1420,8,168,1249,9,33,,,SnelJa00
Paul Soliai,DT,2016,0,1,6,41,138,0,0,0,0,0,0,0,0,0,0,0,159,,5.5,SoliPa99
Matt Spaeth,TE,2015,0,0,6,2,123,0,0,0,0,0,0,0,0,55,420,10,2,,,SpaeMa00
Anthony Spencer,DE,2014,0,1,4,34,104,0,0,0,0,0,0,0,0,0,0,0,272,1,33.0,SpenAn99
Joe Staley,T,2019,0,6,12,81,181,0,0,0,0,0,0,0,0,3,26,0,1,,,StalJo20
Tre Stallings,G,2007,0,0,0,0,1,0,0,0,0,0,0,0,0,0,0,0,,,,StalTr20
Isaiah Stanback,WR,2012,0,0,0,0,22,0,0,0,0,0,0,0,0,6,52,0,,,,StanIs00
Derek Stanley,WR,2009,0,0,0,1,15,0,0,0,0,0,2,5,0,6,119,1,2,,,StanDe00
Daren Stone,DB,2008,0,0,0,2,20,0,0,0,0,0,0,0,0,0,0,0,12,,,StonDa99
Byron Storer,RB,2008,0,0,0,0,15,0,0,0,0,0,0,0,0,2,3,0,10,,,StorBy00
Kasey Studdard,G,2010,0,0,1,8,25,0,0,0,0,0,0,0,0,0,0,0,,,,StudKa20
Rudy Sylvan,TE,2007,0,0,0,0,2,0,0,0,0,0,0,0,0,0,0,0,,,,SylvRu00
Naufahu Tahi,RB,2010,0,0,1,1,56,0,0,0,0,0,10,21,0,33,150,2,6,,,TahiNa00
Courtney Taylor,WR,2008,0,0,0,1,18,0,0,0,0,0,0,0,0,14,136,0,4,,,TaylCo00
Herbert Taylor,T,2012,0,0,0,2,20,0,0,0,0,0,0,0,0,0,0,0,,,,TaylHe21
Tony Taylor,LB,2007,0,0,0,1,16,0,0,0,0,0,0,0,0,0,0,0,11,,,TaylTo99
Quinton Teal,DB,2010,0,0,0,5,57,0,0,0,0,0,0,0,0,0,0,0,50,,,TealQu99
Tyler Thigpen,QB,2012,0,0,1,10,29,275,509,3222,21,18,79,469,3,1,37,1,,,,ThigTy00
Joe Thomas,T,2017,6,10,10,85,167,0,0,0,0,0,0,0,0,0,0,0,,,,ThomJo28
Marcus Thomas,DT,2011,0,0,2,14,76,0,0,0,0,0,0,0,0,0,0,0,104,2,1.0,ThomMa99
Pierre Thomas,RB,2015,0,0,2,45,110,0,0,0,0,0,833,3809,28,336,2692,12,8,,,ThomPi00
Santonio Thomas,DT,2008,0,0,0,1,15,0,0,0,0,0,0,0,0,0,0,0,13,,0.5,ThomSa99
Craphonso Thorpe,WR,2007,0,0,0,1,5,0,0,0,0,0,0,0,0,12,70,1,,,,ThorCr00
Lawrence Timmons,LB,2017,0,1,9,72,172,0,0,0,0,0,0,0,0,0,0,0,737,12,35.5,TimmLa99
Matt Toeaina,DT,2012,0,0,2,12,36,0,0,0,0,0,0,0,0,0,0,0,35,,2.0,ToeaMa99
Pago Togafau,LB,2009,0,0,0,1,15,0,0,0,0,0,0,0,0,0,0,0,19,,,TogaPa99
Dave Tollefson,DE,2012,0,0,0,6,78,0,0,0,0,0,0,0,0,0,0,0,62,,10.5,TollDa99
Michael Toudouze,G,2011,0,0,0,1,9,0,0,0,0,0,0,0,0,0,0,0,,,,ToudMi20
Jason Trusnik,DE,2016,0,0,0,18,120,0,0,0,0,0,0,0,0,0,0,0,176,1,3.5,TrusJa99
Jyles Tucker,LB,2010,0,0,1,7,29,0,0,0,0,0,0,0,0,0,0,0,45,,10.0,TuckJy99
Robert Turner,G-T,2013,0,0,1,12,64,0,0,0,0,0,0,0,0,0,4,0,,,,TurnRo22
Tank Tyler,DT,2009,0,0,1,11,43,0,0,0,0,0,0,0,0,0,0,0,63,,,TyleTa99
Tony Ugoh,T,2011,0,0,2,17,40,0,0,0,0,0,0,0,0,0,0,0,,,,UgohTo20
Raymond Ventrone,DB,2014,0,0,0,6,97,0,0,0,0,0,1,35,0,0,0,0,55,,,VentRa20
Lee Vickers,TE,2007,0,0,0,0,9,0,0,0,0,0,0,0,0,2,4,0,,,,VickLe00
Kevin Vickerson,DT,2014,0,0,3,21,86,0,0,0,0,0,0,0,0,0,0,0,120,1,6.5,VickKe99
Darius Vinnett,DB,2007,0,0,0,0,8,0,0,0,0,0,0,0,0,0,0,0,12,,,VinnDa99
Jonathan Wade,DB,2011,0,0,0,7,61,0,0,0,0,0,0,0,0,0,0,0,104,2,,WadeJo99
Darius Walker,RB,2007,0,0,0,3,4,0,0,0,0,0,58,264,1,13,81,0,,,,WalkDa00
C.J. Wallace,DB,2011,0,0,0,2,27,0,0,0,0,0,0,0,0,0,0,0,19,,,WallC.99
Danny Ware,RB,2012,0,0,0,6,61,0,0,0,0,0,92,375,1,51,352,0,8,,,WareDa00
Mark Washington,LB,2007,0,0,0,0,3,0,0,0,0,0,0,0,0,0,0,0,1,,,WashMa98
Eric Weddle,DB,2021,2,6,12,88,201,0,1,0,0,0,5,24,0,0,0,0,903,29,9.5,WeddEr99
Eric Weems,WR,2017,0,1,0,6,151,0,0,0,0,0,10,57,0,39,358,4,82,,,WeemEr00
John Wendling,DB,2013,0,0,0,7,110,0,0,0,0,0,0,0,0,0,0,0,115,1,,WendJo99
Marvin White,DB,2010,0,0,2,8,43,0,0,0,0,0,0,0,0,0,0,0,115,1,,WhitMa99
Stylez G. White,DE,2010,0,0,2,15,63,0,0,0,0,0,0,0,0,0,0,0,83,,24.0,WhitGr99
Tramon Williams,DB,2020,0,1,8,51,205,0,0,0,0,0,0,0,0,0,0,0,593,34,4.5,WillTr99
Travis Williams,LB,2007,0,0,0,1,6,0,0,0,0,0,1,37,0,0,0,0,7,,,WillTr98
Matt Willis,WR,2012,0,0,0,3,43,0,0,0,0,0,0,0,0,30,385,1,14,,,WillMa00
Patrick Willis,LB,2014,5,7,7,93,112,0,0,0,0,0,0,0,0,0,0,0,733,8,20.5,WillPa98
C.J. Wilson,DB,2010,0,0,0,1,23,0,0,0,0,0,0,0,0,0,0,0,23,,,WilsC.99
Chris Wilson,DE,2012,0,0,0,6,80,0,0,0,0,0,0,0,0,0,0,0,56,,6.5,WilsCh99
Josh Wilson,DB,2015,0,0,6,32,126,0,0,0,0,0,0,0,0,0,0,0,377,15,5.5,WilsJo99
Garrett Wolfe,RB,2010,0,0,0,2,50,0,0,0,0,0,72,282,1,11,129,0,38,,,WolfGa00
LaMarr Woodley,LB,2015,0,1,7,54,110,0,0,0,0,0,0,0,0,0,0,0,229,5,58.0,WoodLa99
Victor Worsley,LB,2007,0,0,0,0,3,0,0,0,0,0,0,0,0,0,0,0,,,,WorsVi99
Dwayne Wright,RB,2007,0,0,0,1,15,0,0,0,0,0,29,94,0,3,17,0,3,,,WrigDw01
Eric Wright,DB,2013,0,0,6,32,92,0,0,0,0,0,0,0,0,0,0,0,333,15,1.0,WrigEr99
Rodrique Wright,DT,2008,0,0,0,4,13,0,0,0,0,0,0,0,0,0,0,0,28,,1.5,WrigRo99
DeShawn Wynn,RB,2010,0,0,0,3,23,0,0,0,0,0,64,332,5,14,122,0,2,,,WynnDe00
Marshal Yanda,G,2019,2,8,10,92,177,0,0,0,0,0,0,0,0,0,0,0,,,,YandMa20
Selvin Young,RB,2008,0,0,1,9,23,0,0,0,0,0,201,1032,2,38,247,0,,,,YounSe00
Usama Young,DB,2014,0,0,1,17,99,0,0,0,0,0,0,0,0,0,0,0,221,8,6.0,YounUs99